candidate_source_name,decode,format,height,index,mode,offset,segment_bytes,width
../Objects/Signpost/sign_30.png,ok,DDS,256,0,RGBA,0,43904,256
../Objects/Signpost/sign_60.png,ok,DDS,16,1,RGBA,43904,384,16
../Objects/Signpost/sign_90.png,ok,DDS,256,2,RGBA,44288,43904,256
../Objects/Signpost/sign_hp_right.png,ok,DDS,256,3,RGBA,88192,43904,256
../Objects/Signpost/sign_chi_right.png,ok,DDS,64,4,RGBA,132096,2944,64
../Objects/Signpost/sign_30_left.png,ok,DDS,256,5,RGBA,135040,43904,256
../Objects/Signpost/sign_60_left.png,ok,DDS,256,6,RGBA,178944,43904,256
../Objects/Signpost/sign_90_left.png,ok,DDS,256,7,RGBA,222848,43904,256
../Objects/Signpost/sign_hp_left.png,ok,DDS,256,8,RGBA,266752,43904,256
../Objects/Signpost/sign_chi_left.png,ok,DDS,256,9,RGBA,310656,43904,256
../Objects/Signpost/sign_speed_national.tga,ok,DDS,256,10,RGBA,354560,43904,256
../Objects/Signpost/sign_no_stopping.tga,ok,DDS,256,11,RGBA,398464,43904,256
../Objects/Signpost/sign_elephant.png,ok,DDS,256,12,RGBA,442368,43904,256
../Objects/Signpost/sign_gravel.png,ok,DDS,256,13,RGBA,486272,43904,256
../Objects/Signpost/sign_30_yellow.png,ok,DDS,256,14,RGBA,530176,43904,256
../Objects/Signpost/sign_60_yellow.png,ok,DDS,256,15,RGBA,574080,43904,256
../Objects/Signpost/sign_90_yellow.png,ok,DDS,256,16,RGBA,617984,43904,256
../Objects/Signpost/sign_hp_right_yellow.png,ok,DDS,256,17,RGBA,661888,43904,256
../Objects/Signpost/sign_chi_right_yellow.png,ok,DDS,256,18,RGBA,705792,43904,256
../Objects/Signpost/sign_30_left_yellow.png,ok,DDS,256,19,RGBA,749696,43904,256
../Objects/Signpost/sign_60_left_yellow.png,ok,DDS,256,20,RGBA,793600,43904,256
../Objects/Signpost/sign_90_left_yellow.png,ok,DDS,256,21,RGBA,837504,43904,256
../Objects/Signpost/sign_hp_left_yellow.png,ok,DDS,256,22,RGBA,881408,43904,256
../Objects/Signpost/sign_chi_left_yellow.png,ok,DDS,256,23,RGBA,925312,43904,256
../Objects/Signpost/sign_elephant_yellow.png,ok,DDS,256,24,RGBA,969216,43904,256
../Objects/Signpost/dia_30_yellow.png,ok,DDS,256,25,RGBA,1013120,43904,256
../Objects/Signpost/dia_60_yellow.png,ok,DDS,256,26,RGBA,1057024,43904,256
../Objects/Signpost/dia_90_yellow.png,ok,DDS,256,27,RGBA,1100928,43904,256
../Objects/Signpost/dia_hp_right_yellow.png,ok,DDS,256,28,RGBA,1144832,43904,256
../Objects/Signpost/dia_chi_right_yellow.png,ok,DDS,256,29,RGBA,1188736,43904,256
../Objects/Signpost/dia_30_left_yellow.png,ok,DDS,256,30,RGBA,1232640,43904,256
../Objects/Signpost/dia_60_left_yellow.png,ok,DDS,256,31,RGBA,1276544,43904,256
../Objects/Signpost/dia_90_left_yellow.png,ok,DDS,256,32,RGBA,1320448,43904,256
../Objects/Signpost/dia_hp_left_yellow.png,ok,DDS,256,33,RGBA,1364352,43904,256
../Objects/Signpost/dia_chi_left_yellow.png,ok,DDS,256,34,RGBA,1408256,43904,256
../Objects/Signpost/dia_grid.png,ok,DDS,256,35,RGBA,1452160,43904,256
../Objects/Signpost/distancemarker_50.png,ok,DDS,256,36,RGBA,1496064,43904,256
../Objects/Signpost/distancemarker_100.png,ok,DDS,256,37,RGBA,1539968,43904,256
../Objects/Checkpoint/start.tga,ok,DDS,256,38,RGBA,1583872,43904,256
../Objects/Checkpoint/finish.tga,ok,DDS,256,39,RGBA,1627776,43904,256
../Objects/Checkpoint/noservice.tga,ok,DDS,256,40,RGBA,1671680,43904,256
../Objects/Checkpoint/start_decal.tga,ok,DDS,64,41,RGBA,1715584,2944,64
../Objects/Checkpoint/gridpos.png,ok,DDS,64,42,RGBA,1718528,2944,64
../objects/flagbanner/finland.tga,ok,DDS,64,43,RGBA,1721472,11136,128
../objects/flagbanner/sweden.tga,ok,DDS,256,44,RGBA,1732608,43904,256
../objects/flagbanner/mexico.tga,ok,DDS,32,45,RGBA,1776512,2944,128
../objects/flagbanner/uk.tga,ok,DDS,8,46,RGBA,1779456,1024,128
../objects/flagbanner/australia.tga,ok,DDS,32,47,RGBA,1780480,1536,64
../objects/flagbanner/germany.tga,ok,DDS,256,48,RGBA,1782016,43904,256
../objects/flagbanner/circuit.tga,ok,DDS,128,49,RGBA,1825920,11136,128
../objects/flagbanner/usa.tga,ok,DDS,128,50,RGBA,1837056,2944,32
../objects/flagbanner/canada.tga,ok,DDS,128,51,RGBA,1840000,11136,128
../objects/flagbanner/greece.tga,ok,DDS,128,52,RGBA,1851136,11136,128
../objects/flagbanner/australia.tga,ok,DDS,128,53,RGBA,1862272,11136,128
../objects/flagbanner/argentina.tga,ok,DDS,32,54,RGBA,1873408,22272,512
../objects/flagbanner/new_zealand.tga,ok,DDS,128,55,RGBA,1895680,87680,512
../objects/flagbanner/kenya.tga,ok,DDS,256,56,RGBA,1983360,22016,128
../objects/flagbanner/japan.tga,ok,DDS,256,57,RGBA,2005376,22016,128
../objects/meshfence/uk_mesh.png,ok,DDS,256,58,RGBA,2027392,22016,128
../objects/meshfence/finland_mesh.png,ok,DDS,256,59,RGBA,2049408,22016,128
../objects/meshfence/generic_orange.png,ok,DDS,256,60,RGBA,2071424,22016,128
../objects/meshfence/generic_red.png,ok,DDS,256,61,RGBA,2093440,22016,128
../objects/meshfence/sweden_mesh.png,ok,DDS,256,62,RGBA,2115456,22016,128
../objects/meshfence/mexico_mesh.png,ok,DDS,256,63,RGBA,2137472,22016,128
../objects/meshfence/germany_mesh.png,ok,DDS,256,64,RGBA,2159488,22016,128
../objects/meshfence/canada_mesh.png,ok,DDS,256,65,RGBA,2181504,22016,128
../objects/meshfence/usa_mesh.png,ok,DDS,256,66,RGBA,2203520,22016,128
../objects/meshfence/argentina_mesh.png,ok,DDS,256,67,RGBA,2225536,22016,128
../objects/meshfence/greece_mesh.png,ok,DDS,256,68,RGBA,2247552,22016,128
../objects/meshfence/kenya_mesh.png,ok,DDS,256,69,RGBA,2269568,22016,128
../objects/meshfence/new_zealand_mesh.png,ok,DDS,256,70,RGBA,2291584,87552,256
../objects/meshfence/japan_mesh.png,ok,DDS,256,71,RGBA,2379136,87552,256
../objects/trackside/canopy_blue.png,ok,DDS,256,72,RGBA,2466688,87552,256
../objects/trackside/canopy_red_white_green.png,ok,DDS,256,73,RGBA,2554240,87552,256
../objects/trackside/canopy_red_white.png,ok,DDS,256,74,RGBA,2641792,87552,256
../objects/trackside/canopy_orange.png,ok,DDS,256,75,RGBA,2729344,87552,256
../objects/trackside/canopy_blue_yellow.png,ok,DDS,256,76,RGBA,2816896,87552,256
../objects/trackside/canopy_black_red_yellow.png,ok,DDS,256,77,RGBA,2904448,87552,256
../objects/trackside/canopy_dark_blue.png,ok,DDS,256,78,RGBA,2992000,87552,256
../objects/trackside/canopy_yellow_brown.png,ok,DDS,256,79,RGBA,3079552,87552,256
../TerrainTextures/FenceBorders/red_barrier.tga,ok,DDS,256,80,RGBA,3167104,87552,256
../TerrainTextures/FenceBorders/blue_barrier.tga,ok,DDS,256,81,RGBA,3254656,87552,256
../TerrainTextures/FenceBorders/armco_grey.tga,ok,DDS,256,82,RGBA,3342208,87552,256
../TerrainTextures/FenceBorders/blue_white_wall.tga,ok,DDS,256,83,RGBA,3429760,87552,256
../TerrainTextures/FenceBorders/red_white_wall.tga,ok,DDS,64,84,RGBA,3517312,5632,128
../TerrainTextures/FenceBorders/green_white_wall.tga,ok,DDS,64,85,RGBA,3522944,5632,128
../TerrainTextures/FenceBorders/dark_red_black.tga,ok,DDS,64,86,RGBA,3528576,5632,128
../TerrainTextures/FenceBorders/blue_yellow_wall.tga,ok,DDS,64,87,RGBA,3534208,5632,128
../TerrainTextures/FenceBorders/light_blue_white_wall.tga,ok,DDS,64,88,RGBA,3539840,5632,128
../TerrainTextures/FenceBorders/red_white_green_wall.tga,ok,DDS,64,89,RGBA,3545472,5632,128
../TerrainTextures/FenceBorders/orange_white_wall.tga,ok,DDS,64,90,RGBA,3551104,5632,128
../TerrainTextures/RumbleStrips/blue_white.tga,ok,DDS,64,91,RGBA,3556736,5632,128
../TerrainTextures/RumbleStrips/darkblue_white.tga,ok,DDS,256,92,RGBA,3562368,43904,256
../TerrainTextures/RumbleStrips/red_white.tga,ok,DDS,256,93,RGBA,3606272,43904,256
../TerrainTextures/RumbleStrips/green_white.tga,ok,DDS,256,94,RGBA,3650176,43904,256
../TerrainTextures/RumbleStrips/red_white_green.tga,ok,DDS,64,95,RGBA,3694080,5632,128
../TerrainTextures/RumbleStrips/grey_white.tga,ok,DDS,64,96,RGBA,3699712,5632,128
../TerrainTextures/RumbleStrips/blue_yellow.tga,ok,DDS,64,97,RGBA,3705344,5632,128
../TerrainTextures/RumbleStrips/black_red_yellow.tga,ok,DDS,64,98,RGBA,3710976,5632,128
../TerrainTextures/RumbleStrips/black_red_green.tga,ok,DDS,64,99,RGBA,3716608,5632,128
../TerrainTextures/RumbleStrips/brown_white.tga,ok,DDS,64,100,RGBA,3722240,5632,128
../objects/sponsorboards/kandn.tga,ok,DDS,64,101,RGBA,3727872,5632,128
../objects/sponsorboards/drifted.tga,ok,DDS,64,102,RGBA,3733504,5632,128
../objects/sponsorboards/eibach.tga,ok,DDS,128,103,RGBA,3739136,11136,128
../objects/sponsorboards/falken.tga,ok,DDS,128,104,RGBA,3750272,11136,128
../objects/sponsorboards/goodyear.tga,ok,DDS,128,105,RGBA,3761408,11136,128
../objects/sponsorboards/kenwood.tga,ok,DDS,128,106,RGBA,3772544,11136,128
../objects/sponsorboards/koni.tga,ok,DDS,128,107,RGBA,3783680,11136,128
../objects/sponsorboards/superdry.tga,ok,DDS,128,108,RGBA,3794816,11136,128
../objects/sponsorboards/toyo.tga,ok,DDS,128,109,RGBA,3805952,11136,128
../objects/sponsorboards/ferodo.tga,ok,DDS,128,110,RGBA,3817088,11136,128
../objects/sponsorboards/karcher.png,ok,DDS,128,111,RGBA,3828224,11136,128
../objects/sponsorboards/slipstream.tga,ok,DDS,128,112,RGBA,3839360,11136,128
../objects/sponsorboards/shell.tga,ok,DDS,128,113,RGBA,3850496,43904,512
../objects/sponsorboards/puma.tga,ok,DDS,128,114,RGBA,3894400,43904,512
../objects/sponsorboards/proper.tga,ok,DDS,128,115,RGBA,3938304,43904,512
../objects/sponsorboards/so_pro.tga,ok,DDS,128,116,RGBA,3982208,43904,512
../objects/sponsorboards/bridgestone.tga,ok,DDS,128,117,RGBA,4026112,43904,512
../objects/sponsorboards/sanyo.tga,ok,DDS,128,118,RGBA,4070016,43904,512
../objects/sponsorboards/mobil1.tga,ok,DDS,128,119,RGBA,4113920,43904,512
../objects/sponsorboards/michelin.png,ok,DDS,128,120,RGBA,4157824,43904,512
../objects/sponsorboards/castrol.png,ok,DDS,128,121,RGBA,4201728,43904,512
../objects/sponsorboards/ralliart.png,ok,DDS,128,122,RGBA,4245632,43904,512
../objects/sponsorboards/mogul.png,ok,DDS,128,123,RGBA,4289536,43904,512
../objects/sponsorboards/rrr_logo.png,ok,DDS,128,124,RGBA,4333440,43904,512
../objects/sponsorboards/champion.png,ok,DDS,128,125,RGBA,4377344,43904,512
../objects/sponsorboards/dhl.png,ok,DDS,128,126,RGBA,4421248,43904,512
,ok,DDS,128,127,RGBA,4465152,43904,512
,ok,DDS,128,128,RGBA,4509056,43904,512
,ok,DDS,128,129,RGBA,4552960,43904,512
,ok,DDS,128,130,RGBA,4596864,43904,512
,ok,DDS,128,131,RGBA,4640768,43904,512
,ok,DDS,128,132,RGBA,4684672,43904,512
,ok,DDS,128,133,RGBA,4728576,43904,512
,ok,DDS,128,134,RGBA,4772480,43904,512
,ok,DDS,128,135,RGBA,4816384,43904,512
,ok,DDS,128,136,RGBA,4860288,43904,512
,ok,DDS,128,137,RGBA,4904192,43904,512
,ok,DDS,128,138,RGBA,4948096,274176,512
